review,label
This product is amazing, best ever!,genuine
Buy now great deal!!!,fake
I love this item, works perfectly and arrived quickly.,genuine
Worst purchase ever, do not buy! Total scam!,fake
Excellent quality and fast shipping. Highly recommended.,genuine
Limited time offer, click here now! Don't miss out!,fake
Very satisfied with my purchase. Good value for money.,genuine
Cheap replica, avoid at all costs. Poor quality.,fake
Highly recommend to everyone. Five stars!,genuine
Best value for the price. Will order again.,genuine
Get rich quick, act now! Amazing opportunity!,fake
Superb customer service. They resolved my issue quickly.,genuine
Fake product, waste of money. Very disappointed.,fake
Will buy again, thank you! Great seller.,genuine
Unbelievable discount, hurry up! Limited stock!,fake
Outstanding product quality. Exceeded my expectations.,genuine
This is the best thing ever! Must buy now!,fake
Solid product, works as described. No complaints.,genuine
Free money! Click this link! Amazing deal!,fake
Good build quality and reasonable price point.,genuine
URGENT! Last chance to get this deal!!!,fake
Arrived on time and exactly as advertised.,genuine
Too good to be true! Amazing results guaranteed!,fake
Decent product for the price. Would recommend.,genuine
SCAM ALERT! This seller is fraudulent!,fake
Professional packaging and quick delivery service.,genuine
Win big now! Easy money making opportunity!,fake
Reliable seller with authentic products only.,genuine
Miracle cure! Works instantly! Order today!,fake
Fair price and good customer support team.,genuine